,Popular Subjects,Average Completion Rates,Regional Trends
arts,368728.0,74.05515151515152,
business,329769.0,70.78327868852459,
technology,365142.0,75.8354794520548,
africa,,,203148.0
asia,,,171051.0
australia,,,150383.0
europe,,,199623.0
north america,,,188019.0
south america,,,151415.0
